{
  "name": "animateCSS",
  "description": "A jQuery plugin to dynamically apply animate.css animations with callbacks",
  "main": "dist/jquery.animatecss.js",
  "version": "1.2.2",
  "dependencies": {
    "animate.css": "~3.1.1"
  },
  "devDependencies": {
    "jquery": "~1.11.0"
  },
  "homepage": "https://github.com/craigmdennis/animateCSS",
  "authors": [
    "Craig Dennis <craigmdennis@gmail.com>"
  ],
  "keywords": [
    "animation",
    "css3",
    "callbacks",
    "plugin",
    "jQuery"
  ],
  "license": "MIT",
  "ignore": [
    "**/.*",
    "node_modules",
    "bower_components",
    "test",
    "tests"
  ],
  "_release": "1.2.2",
  "_resolution": {
    "type": "version",
    "tag": "1.2.2",
    "commit": "977db531184ac96459a8c9ac8d9b0b8fabcf0971"
  },
  "_source": "https://github.com/craigmdennis/animateCSS.git",
  "_target": "^1.2.2",
  "_originalSource": "animateCSS"
}